"1028 Beacon Street","Brookline","MA","02446","null"
"353 E Broadway","Eugene","OR","97401","null"
"35 Pleasant Street","South Weymouth","MA","02190","null"
"399 Post Road West","Westport","CT","06880","null"
"3968 Airport Blvd","Mobile","AL","36608","null"
"1575 The Fairway","Jenkintown","PA","19046","null"
"1001 Plymouth Road","Minnetonka","MN","55305","null"
"4500 I-55 North Suite 99","Jackson","MS","39211","Exit 100"
"3802 Northdale Blvd.","Tampa","FL","33624-1833","null"
"170 Great Rd","Bedford","MA","01730","null"
"Westchester's Ridge Hill","Yonkers","NY","10710","1 Ridge Hill Blvd."
"429 North Broadway","Jericho","NY","11753-2106","null"
"1575 Selby Ave.","St Paul","MN","55104","null"
"270 Palladio Parkway","Folsom","CA","95630","null"
"788 S. Grand Avenue","Los Angeles","CA","90017","null"
"3301 Imperial Hwy.","Brea","CA","92823","corner Valencia Avenue"
"399 4th Street","San Francisco","CA","94107","null"
"500 E. Ogden Ave.","Hinsdale","IL","60521","null"
"2305 N. Prospect Ave","Milwaukee","WI","53211","null"
"21347 Ventura Blvd","Woodland Hills","CA","91364","null"
"14615 W. 119th Street","Olathe","KS","66062","null"
"929 South Street","Philadelphia","PA","19147","null"
"990 W. Eisenhower Parkway","Ann Arbor","MI","48103","null"
"1815 E. Victory Drive","Savannah","GA","31404","Suite 101"
"327 Russell St","Hadley","MA","01035","null"
"760 Waukegan Rd","Deerfield","IL","60015","null"
"390 Coddingtown Mall","Santa Rosa","CA","95401","null"
"7245 Lake St","River Forest","IL","60305","null"
"5001 Peachtree Boulevard","Chamblee","GA","30341","null"
"808 Columbus Avenue","New York","NY","10025","null"
"5120 S. Rural Rd","Tempe","AZ","85282","null"
"2825 East Burnside St.","Portland","OR","97214","null"
"4301 W. William Cannon","Austin","TX","78749","null"
"40 Railroad St.","Andover","MA","01810","null"
"5600 Magazine Street","New Orleans","LA","70115","null"
"20955 Stevens Creek Blvd","Cupertino","CA","95014","null"
"100 Sunset Drive","San Ramon","CA","94583","null"
"1250 South Hover Road","Longmont","CO","80501","Suite 300"
"959 West Fullerton Avenue","Chicago","IL","60614","null"
"181 Cambridge St","Boston","MA","02114","null"
"261 Waterman St","Providence","RI","02906","null"
"790 De Long Avenue","Novato","CA","94945-7005","null"
"5945 State Bridge Rd","Johns Creek","GA","30097","null"
"11355 Woodglen Drive","Rockville","MD","20852","null"
"11660 Plaza America Dr","Reston","VA","20190","null"
"4021 Hillsboro Pike","Nashville","TN","37215","null"
"3450 Highway 190","Mandeville","LA","70471","Suite 8"
"2001 15th Avenue W","Seattle","WA","98119","null"
"94 Derby Street","Hingham","MA","02043","Derby Street Shoppes"
"1101 S. Canal St","Chicago","IL","60607","null"
"3535 NE 15th Ave.","Portland","OR","97212","null"
"1380 E 70th St","Shreveport","LA","71105","null"
"6910 McKinley St","Sebastopol","CA","95472","null"
"1111 S. Washington Street","Denver","CO","80210","null"
"6730 Papermill Drive","Knoxville","TN","37919","null"
"650 Town Center Drive","Oxnard","CA","93036","null"
"18700 Ventura Blvd","Tarzana","CA","91356","null"
"1933 State Road 35","Wall","NJ","07719","null"
"911 Soquel Ave","Santa Cruz","CA","95062","null"
"50 Shelter Cove Lane","Hilton Head Island","SC","29928","Suite R"
"1333 Newell Ave","Walnut Creek","CA","94596","null"
"11 S State St.","Lake Oswego","OR","97034","null"
"4100 University Ave Suite #260","West Des Moines","IA","50266","null"
"1425 Central Ave","Albany","NY","12205","null"
"8710 Six Forks Rd","Raleigh","NC","27615","null"
"815 Southeast 160th Avenue","Vancouver","WA","98683","null"
"The Village at Fairview","Fairview","TX","75069","105 Stacy Road"
"821 W. Lancaster Ave","Wayne","PA","19087","null"
"1250 Jefferson Ave","Redwood City","CA","94062","null"
"300 Bergen Town Center","Paramus","NJ","07652","null"
"3313 University Ave","Madison","WI","53705","null"
"4 Union Square South","New York","NY","10003","null"
"3111 Mowry Avenue","Fremont","CA","94538","null"
"19340 Rinaldi Street","Northridge","CA","91326","null"
"4 South Tunnel Rd.","Asheville","NC","28805","null"
"13998 Cedar Rd.","University Heights","OH","44118","null"
"340 Third St","San Rafael","CA","94901","null"
"12601 Hill Country Blvd","Bee Cave","TX","78738","null"
"2880 West Maple Rd","Troy","MI","48084","null"
"270 Palladio Parkway","Folsom","CA","95630","null"
"2655 Pacific Coast Hwy","Torrance","CA","90505","null"
"350 Grasmere Avenue","Fairfield","CT","06824","null"
"8003 Turkey Lake Road","Orlando","FL","32819","null"
"600 H Street, NE","Washington","DC","20002","null"
"2001 15th Avenue W","Seattle","WA","98119","null"
"18403 Blanco Road","San Antonio","TX","78258","null"
"340 River St","Cambridge","MA","02139","null"
"1450 Taylor Rd","Montgomery","AL","36117","null"
"3000 Telegraph Ave","Berkeley","CA","94705","null"
"3313 University Ave","Madison","WI","53705","null"
"100 W 125th St.","New York","NY","10027","null"
"2375 E. 1st Ave","Denver","CO","80206","null"
"331 Paradise Rd","Swampscott","MA","01907","null"
"6853 South York Street","Centennial","CO","80122","Suite 119"
"10 Columbus Circle","New York","NY","10019","Lower Concourse Level of the Time Warner Center"
"1420 West Hwy. 89A","Sedona","AZ","86336","null"
"255 Hartford Ave","Bellingham","MA","02019","null"
"2700 Wilson Blvd","Arlington","VA","22201","null"
"1558 North Kings Highway","Cherry Hill","NJ","08034","null"
"633 Broad Street","Newark","NJ","07102","null"
"2520 Glendale Blvd","Los Angeles","CA","90039","null"
"923 Houston Northcutt Blvd","Mount Pleasant","SC","29464","null"
"7881 Edinger Ave Suite 150","Huntington Beach","CA","92647","null"
"5555 E. River Road","Tucson","AZ","85750-1949","null"
"575 Worcester Rd","Framingham","MA","01701","null"
"3202 West Friendly Avenue","Greensboro","NC","27408-7604","null"
"6910 McKinley St","Sebastopol","CA","95472","null"
"2305 N. Prospect Ave","Milwaukee","WI","53211","null"
"2121 Cloverfield Blvd","Santa Monica","CA","90404","null"
"2201 I Street NW","Washington","DC","20037","null"
"940 Route 73 North","Marlton","NJ","08053","null"
"15980 Los Gatos Blvd","Los Gatos","CA","95032","null"
"2955 West Ray Road","Chandler","AZ","85225","null"
"1181 Yulupa Ave","Santa Rosa","CA","95405","null"
"11701 Lake Victoria Gardens Ave","Palm Beach Gardens","FL","33410","null"
"4420 Willard Ave.","Chevy Chase","MD","20815","null"
"7250 W. Lake Mead Blvd.","Las Vegas","NV","89128","null"
"621 E. Washington St","Petaluma","CA","94952","null"
"348 Harrison Avenue","Boston","MA","02118","null"
"401 S. Broadway","Boise","ID","83702","null"
"7511 Leesburg Pike","Falls Church","VA","22043","null"
"4530 40th St NW Tenley Circle","Washington","DC","20016","null"
"1026 NE 64th Street","Seattle","WA","98115","null"
"2001 Market Street","San Francisco","CA","94114","null"
"1601 S. Brentwood Blvd","Saint Louis","MO","63144","null"
"10275 Little Patuxent Pkwy","Columbia","MD","21044","null"
"1140 Woodruff Road","Greenville","SC","29607","null"
"2510 McKinney Ave","Dallas","TX","75201","null"
"880 Main Street","Melrose","MA","02176-2346","null"
"8825 Villa La Jolla Dr","La Jolla","CA","92037-9994","null"
"10133 Louetta Road","Houston","TX","77070","null"
"199 US HWY 41","Schererville","IN","46375","null"
"200 Harker PIace","Annapolis","MD","21401","Suite 100"
"2520 Glendale Blvd","Los Angeles","CA","90039","null"
"15260 S. LaGrange Road","Orland Park","IL","60462","null"
"17991 NE Redmond Way","Redmond","WA","98052","null"
"113 Route 9 South","Marlboro","NJ","07726","null"
"51 Austin St.","Charlestown","MA","02129","null"
"10810 N Tatum Blvd","Phoenix","AZ","85028","null"
"3751 E. Foothill Blvd.","Pasadena","CA","91107","null"
"832 W 63rd Street","Chicago","IL","60621","null"
"2245 Springfield Ave.","Vauxhall","NJ","07088","null"
"520 12th St. South, Suite 100","Arlington","VA","22202","null"
"110 Washington Street","Morristown","NJ","07960","null"
"1050 Miamisburg Centerville Road","Dayton","OH","45458","null"
"2607 W. 75th Street","Naperville","IL","60540","null"
"2800 196th St. SW","Lynnwood","WA","98036","null"
"5155 S. Wadsworth Blvd.","Littleton","CO","80123-2217","null"
"650 Ponce de Leon Ave NE","Atlanta","GA","30308","null"
"390 Coddingtown Mall","Santa Rosa","CA","95401","null"
"2101 Pennsylvania Avenue","Philadelphia","PA","19130","null"
"1551 3rd Ave","New York","NY","10128","between East 88th and East 87th Streets"
"1401 East 41st Street","Tulsa","OK","74105","null"
"629 Kailua Road, Suite 100","Kailua","HI","96734","null"
"160 Littleton Road","Westford","MA","01886","null"
"400 Cambridge Rd.","Woburn","MA","01801","null"
"4451 Main St.","Westminster","CO","80031","null"
"10601 San Jose Blvd","Jacksonville","FL","32257","null"
"18700 Ventura Blvd","Tarzana","CA","91356","null"
"2905 Pearl St","Boulder","CO","80301","null"
"2800 Old Milton Pkwy","Alpharetta","GA","30009","null"
"702 Cross Hill Rd + Fort Jackson Blvd","Columbia","SC","29205-2084","Suite 300"
"283 Broadway St.","Laguna Beach","CA","92651","null"
"2732 Augustine Drive","Santa Clara","CA","95054","Suite 1600"
"2635 State Road 7","Wellington","FL","33414-9372","null"
"3000 Telegraph Ave","Berkeley","CA","94705","null"
"701 Waugh Drive","Houston","TX","77019","null"
"50 Raymond Rd","West Hartford","CT","06107","null"
"4402 Legendary Drive","Destin","FL","32541","null"
"1686 Boston Post Road","Milford","CT","06460","null"
"1555 W. Lane Ave","Upper Arlington","OH","43221","null"
"3950 24th Street","San Francisco","CA","94114","null"
"215 S. IL Rte 83","Elmhurst","IL","60126","null"
"777 The Alameda","San Jose","CA","95126","null"
"7380 SW Bridgeport Rd.","Tigard","OR","97224","null"
"6621-B Baltimore Ave","Riverdale Park","MD","20737","null"
"1440 P Street NW","Washington","DC","20005","null"
"320 S. Cambridge Lane","Flagstaff","AZ","86001","null"
"44-459 Town Center Way","Palm Desert","CA","92260","null"
"95 East Houston St","New York","NY","10002","null"
"1407 South Voss Rd","Houston","TX","77057","null"
"27001 US 19 North","Clearwater","FL","33761","Westfield Countryside Mall"
"12150 Biscayne Blvd","North Miami","FL","33181","null"
"2847 Park Avenue","Tustin","CA","92782","null"
"1640 Chicago Ave","Evanston","IL","60201","null"
"1451 1st Street","Sarasota","FL","34236","null"
"1255 Raritan Road Unit 150","Clark","NJ","07066","null"
"8402 Old Keene Mill Rd","Springfield","VA","22152","null"
"239 North Crescent Dr","Beverly Hills","CA","90210","null"
"11100 W. Burleigh Street","Wauwatosa","WI","53222","null"
"900 E. 11th Ave.","Denver","CO","80218","null"
"501 Bowman Road","Little Rock","AR","72211","null"
"100 Market Street","Lynnfield","MA","01940","(at MarketStreet Lynnfield)"
"5815 Wyoming Blvd NE","Albuquerque","NM","87109","null"
"14598 Clay Terrace Blvd.","Carmel","IN","46032","null"
"151 Sockanosset Cross Road","Cranston","RI","02920","null"
"750 N. Martingale Rd.","Schaumburg","IL","60173","null"
"7635 North Academy Blvd","Colorado Springs","CO","80920-3207","null"
"905 River Road","Edgewater","NJ","07020","null"
"4211 Wai'alae Avenue","Honolulu","HI","96816","null"
"7401 France Ave S","Edina","MN","55435","null"
"250 7th Ave","New York","NY","10001","null"
"3360 E. Speedway Blvd.","Tucson","AZ","85716","null"
"2118 Abrams Road","Dallas","TX","75214","null"
"5118 S. Lake Park Ave","Chicago","IL","60615","null"
"2941 Ygnacio Valley Rd.","Walnut Creek","CA","94598","null"
"544 South 700 East","Salt Lake City","UT","84102","null"
"525 N Lamar Blvd.","Austin","TX","78703","null"
"3060 Excelsior Blvd","Minneapolis","MN","55416","null"
"3540 Wade Ave","Raleigh","NC","27607","null"
"6020 N Cicero Ave","Chicago","IL","60646","null"
"5269 River Rd","Bethesda","MD","20816","null"
"4701 N 20th Street","Phoenix","AZ","85016","null"
"110 Bloomingdale Road","White Plains","NY","10605-1503","null"
"536 Boston Post Road","Sudbury","MA","01776","null"
"11700 Preston Rd","Dallas","TX","75230","null"
"7400 E. Hampden Ave","Denver","CO","80231","null"
"3640 N Halsted St","Chicago","IL","60613","null"
"3495 US Route 1 South","Princeton","NJ","08540","null"
"6930 S. Highland Drive","Cottonwood Heights","UT","84121","null"
"1275 Alpine Ave.","Boulder","CO","80304","null"
"1797 Hydraulic Road","Charlottesville","VA","22901","null"
"4501 Market Commons Dr","Fairfax","VA","22033","null"
"6009 North Broadway","Chicago","IL","60660","null"
"8825 Villa La Jolla Dr","La Jolla","CA","92037-9994","null"
"331 North Glendale Ave","Glendale","CA","91206","null"
"11041 Westheimer Rd.","Houston","TX","77042","null"
"14357 W. Colfax Ave.","Golden","CO","80401","null"
"70 Powers Ferry Rd SE","Marietta","GA","30067","null"
"6689 Las Vegas Blvd.","Las Vegas","NV","89119","null"
"239 North Crescent Dr","Beverly Hills","CA","90210","null"
"1690 South Bascom Ave","Campbell","CA","95008","null"
"9607 Research Blvd.","Austin","TX","78759","null"
"500 W. Germantown Pike","Plymouth Meeting","PA","19462","null"
"7111 E. Mayo Blvd.","Phoenix","AZ","85054","null"
"270 Greenwich Street","New York","NY","10007","null"
"11920 Domain Drive","Austin","TX","78758","null"
"888 116th Ave NE","Bellevue","WA","98004","null"
"444 S.Wadsworth Blvd","Lakewood","CO","80226","null"
"300 Legacy Place","Dedham","MA","02026","null"
"731 East Blithedale","Mill Valley","CA","94941","null"
"255 E. Grand Ave","Chicago","IL","60611","null"
"870 S. Colorado Blvd.","Glendale","CO","80246","null"
"4100 Easton Gateway Drive","Columbus","OH","43219","null"
"4801 Colleyville Blvd","Colleyville","TX","76034","null"
"6350 West 3rd Street","Los Angeles","CA","90036","null"
"9366 S. Colorado Blvd.","Highlands Ranch","CO","80126","null"
"6621 West 119th Street","Overland Park","KS","66209-2020","null"
"222 Main St","Madison","NJ","07940","null"
"2748 Green Bay Road","Evanston","IL","60201","null"
"214 3rd Street","Brooklyn","NY","11215","null"
"255 Amherst Street","Nashua","NH","03063","null"
"102B New Waverly Place","Cary","NC","27518","null"
"840 Willow Road","Northbrook","IL","60062","null"
"2111 Briarcliff Rd NE","Atlanta","GA","30329","null"
"1925 Hughes Landing Blvd.","The Woodlands","TX","77380","Suite 100"
"15 Westland Ave","Boston","MA","02115","null"
"2103 Carlisle Boulevard NE","Albuquerque","NM","87110","null"
"100 Pitt Street","El Paso","TX","79912","null"
"19607 Detroit Road","Rocky River","OH","44116","null"
"19800 Belmont Chase Drive","Ashburn","VA","20147","Suite 160"
"11173 West Broad Street","Glen Allen","VA","23060","null"
"222 Hennepin Avenue","Minneapolis","MN","55401","null"
"11100 W. Burleigh Street","Wauwatosa","WI","53222","null"
"1 N. Halsted Street","Chicago","IL","60661","null"
"2 Somerset St","Portland","ME","04101","null"
"Sonoma Marketplace","Sonoma","CA","95476","201 W.Napa St"
"9129 Sam Furr Rd.","Huntersville","NC","28078","null"
"1131 E. Wilmington Ave.","Salt Lake City","UT","84106","null"
"575 Boston Post Road","Port Chester","NY","10573","null"
"9136 S. Yale Ave.","Tulsa","OK","74137","null"
"7401 West 91st St","Overland Park","KS","66212","null"
"316 Kentlands Blvd","Gaithersburg","MD","20878-5454","null"
"3761 State Street","Santa Barbara","CA","93105","null"
"115 Mack Ave.","Detroit","MI","48201","null"
"1311 Johnson Ferry Road NE","Marietta","GA","30068","Suite 580"
"111 Siena Drive","Upper St. Clair","PA","15241","null"
"5200 Dublin Blvd.","Dublin","CA","94568","null"
"2000 N Federal Hwy","Fort Lauderdale","FL","33305","null"
"3670 W. Dublin-Granville Rd","Columbus","OH","43235","null"
"414 Miller Ave","Mill Valley","CA","94941","null"
"4230 Grape Road","Mishawaka","IN","46545-1007","null"
"30 West Huron St","Chicago","IL","60654","null"
"81 South Elliot Road","Chapel Hill","NC","27514","null"
"115 Prospect St","Cambridge","MA","02139","null"
"14956 Pines Blvd","Pembroke Pines","FL","33027","null"
"6601 S. Fry Road","Katy","TX","77494","null"
"150 Ledge Road","Darien","CT","06820","null"
"1710 41st Avenue","Capitola","CA","95010","null"
"1400 Glades Rd","Boca Raton","FL","33431","null"
"4247 Ambassador Caffery Parkway","Lafayette","LA","70508","null"
"3425 N. College Avenue","Fayetteville","AR","72703","null"
"10020 Regency Circle","Omaha","NE","68114","null"
"1160 Town and Country Crossing","Town and Country","MO","63017","null"
"301 Manufacturers Rd","Chattanooga","TN","37405","null"
"20281 N Rand Road","Kildeer","IL","60074","null"
"225 W. Touhy Ave","Park Ridge","IL","60068","null"
"774 Emerson Street","Palo Alto","CA","94301","null"
"10200 NE 4th St.","Bellevue","WA","98004","null"
"238 Bedford Ave","Brooklyn","NY","11249","null"
"235 Prospect Ave","West Orange","NJ","07052","null"
"6610 Fairview Rd.","Charlotte","NC","28210","null"
"650 W. Shaw Ave.","Fresno","CA","93704","null"
"6701 Red Road","Coral Gables","FL","33143","null"
"990 Iyannough Road","Hyannis","MA","02601","null"
"Lake Grove Commons","Lake Grove","NY","11755","120 New Moriches Road"
"475 Wilmington","Glen Mills","PA","19342","West Chester Pike"
"2750 E. Grand River Ave.","East Lansing","MI","48823","null"
"7881 Edinger Ave Suite 150","Huntington Beach","CA","92647","null"
"121 South River Rd","Bedford","NH","03110","null"
"89 Danada Square East","Wheaton","IL","60189","null"
"753 Cerrillos Rd","Santa Fe","NM","87505","null"
"801 East Lamar Blvd.","Arlington","TX","76011","null"
"1146 Blossom Hill Road","San Jose","CA","95118","null"
"12150 Biscayne Blvd","North Miami","FL","33181","null"
"760 South Sepulveda Blvd.","El Segundo","CA","90245","null"
"2955 Kirby Dr","Houston","TX","77098","null"
"7133 N Oracle Rd","Tucson","AZ","85704","null"
"4059 Finn Way","Lexington","KY","40503","null"
"255 E. Basse Rd, Ste. 130","San Antonio","TX","78209","null"
"4301 NE Sandy Blvd.","Portland","OR","97213","null"
"701 Bloomfield Ave","Montclair","NJ","07042","null"
"3135 Washtenaw Ave","Ann Arbor","MI","48104","null"
"12201 Elm Creek Blvd N","Maple Grove","MN","55369","null"
"1548 North Dale Mabry Highway.","Tampa","FL","33607","null"
"2323 Wisconsin Ave N.W.","Washington","DC","20007","null"
"17991 NE Redmond Way","Redmond","WA","98052","null"
"4577 West Pine Blvd","St. Louis","MO","63108","null"
"45 Beacon Street","Somerville","MA","02143","null"
"11701 Lake Victoria Gardens Ave","Palm Beach Gardens","FL","33410","null"
"44 Godwin Ave","Ridgewood","NJ","07450","null"
"1411 E. Renner Rd","Richardson","TX","75082","null"
"1800 Laskin Road","Virginia Beach","VA","23454","null"
"5001 183 Toll Road","Cedar Park","TX","78613","Building A Suite 100"
"55 Welles Street","Glastonbury","CT","06033","null"
"283 Broadway St.","Laguna Beach","CA","92651","null"
"27249 Chagrin Blvd","Woodmere","OH","44122","null"
"3761 State Street","Santa Barbara","CA","93105","null"
"1700 Duke St","Alexandria","VA","22314","null"
"6550 E. Pacific Coast Highway","Long Beach","CA","90803","null"
"2101 Northern Blvd","Manhasset","NY","11030","null"
"41 Miller Street","Winston-Salem","NC","27104","null"
"3950 24th Street","San Francisco","CA","94114","null"
"1748 W Redstone Center Dr.","Park City","UT","84098","null"
"21105 Biscayne Blvd","Aventura","FL","33180","null"
"15 Washington Street","Brighton","MA","02135","null"
"340 N. Main St.","West Hartford","CT","06117","null"
"340 Reed Street","Basalt","CO","81621","null"
"1020 Alton Road","Miami Beach","FL","33139","null"
"808 Massachusetts Avenue","Arlington","MA","02476","null"
"647 Washington Street","Newtonville","MA","02458","null"
"303 Marshall Rd.","Superior","CO","80027","null"
"8190 Park Lane, Suite 351","Dallas","TX","75231","null"
"90 E. Putnam Ave.","Greenwich","CT","06830","null"
"1030 Lakeway Drive","Bellingham","WA","98229","null"
"1700 Post Oak Blvd","Houston","TX","77056","Suite 100"
"1330 Smith Ave","Baltimore","MD","21209","null"
"1425 Montana Ave.","Santa Monica","CA","90403","null"
"226 East 57th Street","New York","NY","10022","Between 2nd & 3rd Avenue"
"12746 West Jefferson Blvd Suite #1100","Playa Vista","CA","90094","null"
"14956 Pines Blvd","Pembroke Pines","FL","33027","null"
"1001 Fleet Street","Baltimore","MD","21202","Suite A"
"15980 Los Gatos Blvd","Los Gatos","CA","95032","null"
"1845 Palm Beach Lakes Boulevard","West Palm Beach","FL","33401","null"
"5C Sugar Hollow Road","Danbury","CT","06810","null"
"15 East Wynnewood Rd","Wynnewood","PA","19096","null"
"4800 El Camino Real","Los Altos","CA","94022","null"
"3515 Bridgeport Way West","University Place","WA","98466","null"
"2501 Memorial Pkwy SW","Huntsville","AL","35801","null"
"6139 S. Virginia Street","Reno","NV","89502","null"
"45 Vervalen Street","Closter","NJ","07624","null"
"7825 U.S. Highway 72","Germantown","TN","38138-3906","null"
"1550 N. Kingsbury Street","Chicago","IL","60642","null"
"10576 Perry Highway","Wexford","PA","15090","null"
"1095 Avenue of the Americas","New York","NY","10036","null"
"1210 Bethlehem Pike","North Wales","PA","19454","null"
"1531 Froom Ranch Way","San Luis Obispo","CA","93405","null"
"6001 N. Western Ave.","Oklahoma City","OK","73118","null"
"9101 Strada Place","Naples","FL","34108","null"
"1030 Lakeway Drive","Bellingham","WA","98229","null"
"650 Town Center Drive","Oxnard","CA","93036","null"
"1451 1st Street","Sarasota","FL","34236","null"
"1001 Galleria Blvd.","Roseville","CA","95678","null"
"3502 Mt. Diablo Blvd.","Lafayette","CA","94549","null"
"2693 Edmondson Rd.","Cincinnati","OH","45209","null"
"70 East Kaahumanu Avenue #B","Kahului","HI","96732","null"
"7529 Corporate Blvd","Baton Rouge","LA","70809","null"
"200 Alewife Brook Pkwy","Cambridge","MA","02138","null"
"621 Broad Street","Durham","NC","27705","null"
"2201 S College Ave","Fort Collins","CO","80525","null"
"2151 Mystic Valley Parkway","Medford","MA","02155","null"
"6300 S. Robert Kingery Highway","Willowbrook","IL","60527","null"
"1050 S. Gayley Ave","Los Angeles","CA","90024","null"
"5805 Deerfield Boulevard","Mason","OH","45040","null"
"12220 SW Scholls Ferry Road","Tigard","OR","97223","null"
"5014 Poplar Avenue","Memphis","TN","38117","null"
"4100 Lomo Alto Dr","Highland Park","TX","75219","null"
"12080 Jefferson Ave.","Newport News","VA","23606","Suite 100"
"3720 Vision Drive","Fort Worth","TX","76109","null"
"916 Walnut St","Newton","MA","02461","null"
"1425 Montana Ave.","Santa Monica","CA","90403","null"
"1030 N. Orlando Ave","Winter Park","FL","32789","null"
"7350 Orchard Lake Road","West Bloomfield","MI","48322","null"
"471 State Route 35 North","Red Bank","NJ","07701-5036","null"
"8855 West Charleston Blvd.","Las Vegas","NV","89117","null"
"3420 Veterans Memorial Blvd","Metairie","LA","70002","null"
"442 Washington Street","Wellesley","MA","02482","null"
"800 Del Monte Center","Monterey","CA","93940","null"
"5930 Roswell Rd","Atlanta","GA","30328","null"
"143 Maple Ave East","Vienna","VA","22180","null"
"70 Merrimon Ave","Asheville","NC","28801","null"
"1423 N. Webb Rd.","Wichita","KS","67206","Suite 101"
"100 S. Green Valley Pkwy","Henderson","NV","89012","null"
"750 N. Krocks Road","Allentown","PA","18106","Suite 301"
"4315 Arden Way","Sacramento","CA","95864","null"
"1817 Thomasville Road","Tallahassee","FL","32303","null"
"6350 West 3rd Street","Los Angeles","CA","90036","null"
"77 West Paces Ferry Rd NW","Atlanta","GA","30305","null"
"300 N Broad St","New Orleans","LA","70119","Suite 103"
"261 Lusher Court","Frisco","CO","80443","null"
"305 Radio Drive","Woodbury","MN","55125","null"
"740 North Moorpark Rd","Thousand Oaks","CA","91360","null"
"331 North Glendale Ave","Glendale","CA","91206","null"
"2610 Highway 20","Bend","OR","97701-6261","null"
"1566 West McEwen Drive","Franklin","TN","37067","null"
"3111 Mowry Avenue","Fremont","CA","94538","null"
"2201 Preston Road","Plano","TX","75093","null"
"1300 E. 86th St.","Indianapolis","IN","46240","null"
"5100 Belt Line Road, Suite 1012","Addison","TX","75254","null"
"7221 Waverly Walk Ave.","Charlotte","NC","28277","null"
"4041 Waller Creek","Highland Village","TX","75077","null"
"4944 Shelbyville Road","Louisville","KY","40207","null"
"413 Centre Street","Jamaica Plain","MA","02130","null"
"3201 N. Ashland Avenue","Chicago","IL","60657","null"
"2732 Augustine Drive","Santa Clara","CA","95054","Suite 1600"
"1210 NW Couch St","Portland","OR","97209","null"
"690 Stanyan Street","San Francisco","CA","94117-3305","null"
"19440 NW Cornell Rd.","Hillsboro","OR","97124","null"
"100 Sunset Drive","San Ramon","CA","94583","null"
"15900 Southwest Freeway","Sugar Land","TX","77478","null"
"2210 Westlake Ave","Seattle","WA","98121","null"
"5880 Centre Ave","Pittsburgh","PA","15206","null"
"5200 Dublin Blvd.","Dublin","CA","94568","null"
"6055 O Street","Lincoln","NE","68510","null"
"3100 Cahaba Village Plaza","Birmingham","AL","35243","null"
"8003 Turkey Lake Road","Orlando","FL","32819","null"
"4004 Bellaire Blvd","Houston","TX","77025","null"
"11666 National Blvd","Los Angeles","CA","90064","null"
"601 N Main St","Providence","RI","02904","null"
"833 Wayne Ave","Silver Spring","MD","20910","null"
"2918 Walton Blvd","Rochester Hills","MI","48309","null"
"3804 Oleander Drive","Wilmington","NC","28403","null"
"810 University Drive","Coral Springs","FL","33071","null"
